id_sinistro,data,nome,id,motocicleta
87582,2021-01-13,BANDEIRANTES,45,FALSE
88366,2021-01-20,ESTADO,31,FALSE
89132,2021-01-27,PRESTES MAIA,41,FALSE
89632,2021-01-31,WASHINGTON LUIS,29,TRUE
89786,2021-02-01,CALIM EID,10,TRUE
89788,2021-02-01,TIRADENTES,7,TRUE
89968,2021-02-03,CALIM EID,10,FALSE
90430,2021-02-07,BANDEIRANTES,45,TRUE
90703,2021-02-09,SANTOS DUMONT,43,FALSE
90927,2021-02-11,ESTADO,31,FALSE
91267,2021-02-14,MIGUEL YUNES,36,TRUE
91925,2021-02-20,ESTADO,31,TRUE
93109,2021-03-02,TEOTONIO VILELA,6,FALSE
94372,2021-03-14,HELDER CAMARA,12,FALSE
94650,2021-03-17,INAJAR SOUZA,13,TRUE
96473,2021-04-04,TEOTONIO VILELA,6,FALSE
96586,2021-04-05,ESTADO,31,FALSE
98267,2021-04-21,NACOES UNIDAS,37,TRUE
98798,2021-04-25,TEOTONIO VILELA,6,TRUE
99822,2021-05-04,PAULO VI,38,FALSE
100516,2021-05-09,ESCOLA POLITECNICA,5,TRUE
100633,2021-05-10,WASHINGTON LUIS,29,TRUE
102456,2021-05-25,ARICANDUVA,8,TRUE
102554,2021-05-26,LUIZ IGNACIO ANHAIA MELLO,21,TRUE
103117,2021-05-30,BANDEIRANTES,45,FALSE
103731,2021-06-04,TEOTONIO VILELA,6,TRUE
103950,2021-06-05,NACOES UNIDAS,37,TRUE
105444,2021-06-18,JACU PESSEGO,33,FALSE
105878,2021-06-20,BRAZ LEME,24,TRUE
106523,2021-06-26,TEOTONIO VILELA,6,FALSE
106591,2021-06-26,SALIM FARAH MALUF,15,TRUE
106907,2021-06-29,ESCOLA POLITECNICA,5,TRUE
108361,2021-07-10,ESTADO,31,FALSE
109248,2021-07-17,JACU PESSEGO,33,TRUE
109859,2021-07-21,RICARDO JAFET,2,TRUE
111508,2021-08-03,RICARDO JAFET,2,TRUE
112529,2021-08-10,ESCOLA POLITECNICA,5,FALSE
113910,2021-08-21,HELDER CAMARA,12,FALSE
114688,2021-08-27,ARICANDUVA,8,TRUE
114744,2021-08-28,PRESTES MAIA,41,FALSE
115530,2021-09-03,NACOES UNIDAS,37,TRUE
115783,2021-09-05,ESTADO,31,FALSE
115838,2021-09-06,TEOTONIO VILELA,6,TRUE
117199,2021-09-18,PRESTES MAIA,41,FALSE
117329,2021-09-19,ESTADO,31,TRUE
118312,2021-09-26,ABRAAO MORAIS,1,TRUE
119033,2021-10-02,JACU PESSEGO,33,TRUE
119481,2021-10-05,TEOTONIO VILELA,6,TRUE
119753,2021-10-08,BANDEIRANTES,45,TRUE
120531,2021-10-14,ESTADO,31,FALSE
121451,2021-10-22,WASHINGTON LUIS,29,TRUE
121778,2021-10-23,SALIM FARAH MALUF,15,TRUE
122155,2021-10-27,TEOTONIO VILELA,6,FALSE
123616,2021-11-07,TEOTONIO VILELA,6,TRUE
124495,2021-11-14,ESTADO,31,FALSE
125003,2021-11-19,NACOES UNIDAS,37,TRUE
125379,2021-11-21,SALIM FARAH MALUF,15,FALSE
125856,2021-11-25,INAJAR SOUZA,13,TRUE
129664,2021-12-23,TEOTONIO VILELA,6,FALSE
130167,2021-12-27,JACU PESSEGO,33,FALSE
134412,2022-02-10,ESTADO,31,FALSE
134743,2022-02-12,ARICANDUVA,8,FALSE
135237,2022-02-16,ESCOLA POLITECNICA,5,FALSE
135888,2022-02-21,JACU PESSEGO,33,TRUE
136448,2022-02-26,BANDEIRANTES,45,TRUE
136857,2022-03-01,ABRAAO MORAIS,1,FALSE
138345,2022-03-13,BANDEIRANTES,45,FALSE
138694,2022-03-16,SALIM FARAH MALUF,15,TRUE
139864,2022-03-25,JACU PESSEGO,33,TRUE
140328,2022-03-28,LUIZ IGNACIO ANHAIA MELLO,21,TRUE
141085,2022-04-04,CALIM EID,10,FALSE
141755,2022-04-09,INAJAR SOUZA,13,FALSE
141763,2022-04-09,TEOTONIO VILELA,6,FALSE
141765,2022-04-09,TEOTONIO VILELA,6,TRUE
142052,2022-04-11,TEOTONIO VILELA,6,TRUE
142169,2022-04-12,BANDEIRANTES,45,TRUE
142425,2022-04-14,SALIM FARAH MALUF,15,TRUE
142606,2022-04-16,NACOES UNIDAS,37,TRUE
142920,2022-04-19,NACOES UNIDAS,37,TRUE
142965,2022-04-19,LUIZ IGNACIO ANHAIA MELLO,21,TRUE
143486,2022-04-24,LUIZ IGNACIO ANHAIA MELLO,21,FALSE
144789,2022-05-05,INAJAR SOUZA,13,FALSE
145510,2022-05-10,PRESTES MAIA,41,FALSE
146144,2022-05-15,CARVALHO PINTO,11,FALSE
147339,2022-05-25,SALIM FARAH MALUF,15,TRUE
148096,2022-05-30,ESCOLA POLITECNICA,5,TRUE
148097,2022-05-30,NACOES UNIDAS,37,TRUE
148648,2022-06-04,TANCREDO NEVES,23,FALSE
148826,2022-06-05,ABRAAO MORAIS,1,FALSE
148857,2022-06-05,CALIM EID,10,TRUE
149572,2022-06-11,SALIM FARAH MALUF,15,TRUE
150915,2022-06-22,CURSINO,19,TRUE
151017,2022-06-22,ARICANDUVA,8,FALSE
151574,2022-06-27,ARICANDUVA,8,TRUE
151847,2022-06-29,LUIZ IGNACIO ANHAIA MELLO,21,TRUE
151956,2022-06-30,INAJAR SOUZA,13,TRUE
154603,2022-07-22,BRAZ LEME,24,FALSE
154779,2022-07-24,LUIZ IGNACIO ANHAIA MELLO,21,FALSE
155105,2022-07-27,WASHINGTON LUIS,29,TRUE
155229,2022-07-28,NACOES UNIDAS,37,TRUE
155291,2022-07-29,BANDEIRANTES,45,FALSE
156749,2022-08-09,HELDER CAMARA,12,FALSE
157316,2022-08-13,TEOTONIO VILELA,6,TRUE
158169,2022-08-20,ESTADO,31,FALSE
158366,2022-08-22,SUMARE,39,FALSE
160670,2022-09-09,BANDEIRANTES,45,TRUE
160737,2022-09-09,ALIOMAR BALEEIRO,18,FALSE
161309,2022-09-14,JACU PESSEGO,33,TRUE
161477,2022-09-15,JACU PESSEGO,33,TRUE
161480,2022-09-15,LUIZ IGNACIO ANHAIA MELLO,21,FALSE
161739,2022-09-17,ESTADO,31,TRUE
162087,2022-09-20,JACU PESSEGO,33,TRUE
162193,2022-09-21,ELISEU ALMEIDA,25,TRUE
162444,2022-09-23,VINTE E TRES MAIO,46,TRUE
163810,2022-10-05,JACU PESSEGO,33,TRUE
163814,2022-10-05,LUIZ IGNACIO ANHAIA MELLO,21,TRUE
163818,2022-10-05,NACOES UNIDAS,37,FALSE
164119,2022-10-07,JACU PESSEGO,33,TRUE
164365,2022-10-09,PRESTES MAIA,41,FALSE
164676,2022-10-12,SALIM FARAH MALUF,15,TRUE
165013,2022-10-15,CALIM EID,10,TRUE
165110,2022-10-16,LUIZ IGNACIO ANHAIA MELLO,21,TRUE
165148,2022-10-16,FARIA LIMA,32,TRUE
165500,2022-10-20,LUIZ IGNACIO ANHAIA MELLO,21,TRUE
165864,2022-10-23,JACU PESSEGO,33,TRUE
165914,2022-10-23,SALIM FARAH MALUF,15,TRUE
166589,2022-10-29,JACU PESSEGO,33,FALSE
166658,2022-10-29,JACU PESSEGO,33,FALSE
169274,2022-11-19,SALIM FARAH MALUF,15,FALSE
169349,2022-11-20,TEOTONIO VILELA,6,FALSE
172092,2022-12-10,ESTADO,31,FALSE
174608,2023-01-01,JACU PESSEGO,33,FALSE
174626,2023-01-01,ARICANDUVA,8,FALSE
175055,2023-01-07,TEOTONIO VILELA,6,TRUE
175130,2023-01-08,SALIM FARAH MALUF,15,TRUE
175687,2023-01-14,WASHINGTON LUIS,29,FALSE
176390,2023-01-20,TEOTONIO VILELA,6,TRUE
177803,2023-02-02,CALIM EID,10,FALSE
178221,2023-02-06,BANDEIRANTES,45,FALSE
178525,2023-02-08,VINTE E TRES MAIO,46,TRUE
178583,2023-02-09,SALIM FARAH MALUF,15,TRUE
179325,2023-02-15,ESCOLA POLITECNICA,5,FALSE
179887,2023-02-20,TEOTONIO VILELA,6,FALSE
180295,2023-02-24,NACOES UNIDAS,37,FALSE
180599,2023-02-27,INAJAR SOUZA,13,TRUE
180843,2023-03-01,ELISEU ALMEIDA,25,TRUE
180970,2023-03-02,ARICANDUVA,8,TRUE
182010,2023-03-10,ESTADO,31,FALSE
182366,2023-03-13,LUIZ IGNACIO ANHAIA MELLO,21,TRUE
183287,2023-03-21,ELEVADO JOAO GOULART,20,TRUE
183403,2023-03-21,ESTADO,31,TRUE
183971,2023-03-26,ARICANDUVA,8,FALSE
184032,2023-03-27,VINTE E TRES MAIO,46,TRUE
187220,2023-04-23,JACU PESSEGO,33,TRUE
187969,2023-04-29,NACOES UNIDAS,37,TRUE
188694,2023-05-05,ESTADO,31,TRUE
188725,2023-05-05,ESCOLA POLITECNICA,5,FALSE
188765,2023-05-05,ARICANDUVA,8,FALSE
189053,2023-05-07,RUBEM BERTA,42,TRUE
189215,2023-05-09,NACOES UNIDAS,37,TRUE
191157,2023-05-23,MIGUEL YUNES,36,FALSE
191417,2023-05-25,TIRADENTES,7,FALSE
193293,2023-06-07,TEOTONIO VILELA,6,FALSE
193696,2023-06-10,VERGUEIRO,17,FALSE
194180,2023-06-14,BRAZ LEME,24,FALSE
194725,2023-06-18,SALIM FARAH MALUF,15,FALSE
195758,2023-06-25,ESCOLA POLITECNICA,5,TRUE
195941,2023-06-26,JACU PESSEGO,33,TRUE
196411,2023-06-30,ELISEU ALMEIDA,25,TRUE
196765,2023-07-02,ESCOLA POLITECNICA,5,FALSE
197332,2023-07-06,SALIM FARAH MALUF,15,TRUE
197834,2023-07-10,BRAZ LEME,24,TRUE
198072,2023-07-12,ESTADO,31,FALSE
198090,2023-07-12,TEOTONIO VILELA,6,FALSE
198107,2023-07-12,ESTADO,31,FALSE
198224,2023-07-13,LUIZ DUMONT VILLARES,34,TRUE
198387,2023-07-14,ESTADO,31,TRUE
198803,2023-07-17,SANTOS DUMONT,43,TRUE
199274,2023-07-20,SANTOS DUMONT,43,TRUE
200021,2023-07-26,WASHINGTON LUIS,29,FALSE
200304,2023-07-28,INAJAR SOUZA,13,FALSE
200694,2023-07-31,ABRAAO MORAIS,1,FALSE
200782,2023-08-01,TEOTONIO VILELA,6,TRUE
201001,2023-08-03,TEOTONIO VILELA,6,TRUE
201180,2023-08-04,LUIZ IGNACIO ANHAIA MELLO,21,TRUE
201248,2023-08-04,TIRADENTES,7,FALSE
201735,2023-08-09,ELISEU ALMEIDA,25,FALSE
202355,2023-08-13,BANDEIRANTES,45,FALSE
202651,2023-08-16,AFONSO D ESCRAGNOLE TAUNAY,44,FALSE
203025,2023-08-18,TANCREDO NEVES,23,FALSE
203093,2023-08-19,TEOTONIO VILELA,6,TRUE
203699,2023-08-23,PRESTES MAIA,41,FALSE
203923,2023-08-25,ARICANDUVA,8,FALSE
204014,2023-08-26,PRESTES MAIA,41,TRUE
204816,2023-09-01,ESCOLA POLITECNICA,5,TRUE
204954,2023-09-02,CURSINO,19,TRUE
205088,2023-09-03,RUBEM BERTA,42,TRUE
206068,2023-09-10,SALIM FARAH MALUF,15,TRUE
206409,2023-09-13,TEOTONIO VILELA,6,FALSE
206550,2023-09-14,TEOTONIO VILELA,6,TRUE
207176,2023-09-19,ESCOLA POLITECNICA,5,FALSE
208011,2023-09-25,WASHINGTON LUIS,29,FALSE
208399,2023-09-28,TEOTONIO VILELA,6,TRUE
208776,2023-10-02,TEOTONIO VILELA,6,FALSE
209101,2023-10-04,JACU PESSEGO,33,TRUE
211183,2023-10-20,MIGUEL YUNES,36,TRUE
213027,2023-11-02,CURSINO,19,FALSE
213806,2023-11-08,JACU PESSEGO,33,FALSE
213928,2023-11-09,ABRAAO MORAIS,1,TRUE
214360,2023-11-12,NACOES UNIDAS,37,TRUE
214893,2023-11-15,TEOTONIO VILELA,6,FALSE
215924,2023-11-23,ESTADO,31,TRUE
216067,2023-11-24,JACU PESSEGO,33,TRUE
217457,2023-12-04,MIGUEL YUNES,36,TRUE
217481,2023-12-04,INAJAR SOUZA,13,TRUE
218309,2023-12-10,TANCREDO NEVES,23,TRUE
218730,2023-12-13,WASHINGTON LUIS,29,TRUE
218737,2023-12-13,LUIZ DUMONT VILLARES,34,TRUE
218935,2023-12-15,LUIZ DUMONT VILLARES,34,FALSE
219503,2023-12-18,SALIM FARAH MALUF,15,TRUE
219744,2023-12-20,TEOTONIO VILELA,6,TRUE
220308,2023-12-23,BANDEIRANTES,45,TRUE
220701,2023-12-27,MIGUEL YUNES,36,FALSE
220729,2023-12-27,BANDEIRANTES,45,FALSE
220748,2023-12-27,ARICANDUVA,8,TRUE
221004,2023-12-30,INAJAR SOUZA,13,TRUE
221252,2024-01-02,TEOTONIO VILELA,6,FALSE
221810,2024-01-08,NACOES UNIDAS,37,TRUE
222304,2024-01-12,CURSINO,19,TRUE
222527,2024-01-14,LUIZ IGNACIO ANHAIA MELLO,21,FALSE
223424,2024-01-21,NACOES UNIDAS,37,TRUE
223647,2024-01-23,MARIA MALUF,22,TRUE
223857,2024-01-25,SALIM FARAH MALUF,15,FALSE
225536,2024-02-08,BANDEIRANTES,45,TRUE
227769,2024-02-26,NACOES UNIDAS,37,TRUE
228478,2024-03-02,NACOES UNIDAS,37,FALSE
229518,2024-03-09,ESTADO,31,TRUE
231299,2024-03-22,ARICANDUVA,8,FALSE
231579,2024-03-25,VINTE E TRES MAIO,46,TRUE
231866,2024-03-27,MOREIRA GUIMARAES,40,TRUE
232411,2024-03-31,SALIM FARAH MALUF,15,FALSE
232575,2024-04-02,JACU PESSEGO,33,TRUE
232682,2024-04-03,FARIA LIMA,32,FALSE
233509,2024-04-09,INAJAR SOUZA,13,TRUE
234189,2024-04-14,BANDEIRANTES,45,TRUE
234429,2024-04-16,ESCOLA POLITECNICA,5,TRUE
235411,2024-04-24,ESTADO,31,FALSE
235968,2024-04-28,ARICANDUVA,8,TRUE
237477,2024-05-10,INAJAR SOUZA,13,FALSE
237634,2024-05-11,WASHINGTON LUIS,29,FALSE
237795,2024-05-12,PRESTES MAIA,41,FALSE
238416,2024-05-17,BANDEIRANTES,45,TRUE
239194,2024-05-23,JACU PESSEGO,33,TRUE
240208,2024-05-30,BRAZ LEME,24,FALSE
240264,2024-05-31,WASHINGTON LUIS,29,TRUE
240270,2024-05-31,ESCOLA POLITECNICA,5,FALSE
240387,2024-06-01,ESTADO,31,FALSE
240456,2024-06-01,ESCOLA POLITECNICA,5,TRUE
240932,2024-06-05,BRAZ LEME,24,FALSE
241899,2024-06-12,ABRAAO MORAIS,1,FALSE
242950,2024-06-19,NACOES UNIDAS,37,FALSE
243031,2024-06-20,ARICANDUVA,8,TRUE
243169,2024-06-21,WASHINGTON LUIS,29,TRUE
243236,2024-06-21,CALIM EID,10,FALSE
243634,2024-06-24,ZAKI NARCHI,35,TRUE
243824,2024-06-25,LUIZ IGNACIO ANHAIA MELLO,21,FALSE
244412,2024-06-30,SANTOS DUMONT,43,FALSE
244965,2024-07-05,SALIM FARAH MALUF,15,FALSE
245259,2024-07-07,INAJAR SOUZA,13,FALSE
245615,2024-07-10,LUIZ IGNACIO ANHAIA MELLO,21,TRUE
246070,2024-07-14,BANDEIRANTES,45,TRUE
246292,2024-07-16,TEOTONIO VILELA,6,FALSE
246417,2024-07-17,TEOTONIO VILELA,6,TRUE
247483,2024-07-26,TEOTONIO VILELA,6,FALSE
248436,2024-08-03,JACU PESSEGO,33,TRUE
249412,2024-08-11,NACOES UNIDAS,37,TRUE
250502,2024-08-19,TEOTONIO VILELA,6,TRUE
250762,2024-08-21,JACU PESSEGO,33,TRUE
250865,2024-08-22,BRAZ LEME,24,FALSE
251837,2024-08-31,FARIA LIMA,32,TRUE
253211,2024-09-11,NACOES UNIDAS,37,TRUE
253509,2024-09-13,BRAZ LEME,24,TRUE
253638,2024-09-14,TIRADENTES,7,TRUE
253642,2024-09-14,WASHINGTON LUIS,29,TRUE
253643,2024-09-14,CURSINO,19,FALSE
253769,2024-09-15,JACU PESSEGO,33,TRUE
253986,2024-09-17,TEOTONIO VILELA,6,TRUE
254705,2024-09-23,TEOTONIO VILELA,6,TRUE
254953,2024-09-25,LUIZ IGNACIO ANHAIA MELLO,21,FALSE
255215,2024-09-27,TANCREDO NEVES,23,TRUE
255460,2024-09-29,VERGUEIRO,17,TRUE
255705,2024-10-01,JACU PESSEGO,33,FALSE
256251,2024-10-05,WASHINGTON LUIS,29,TRUE
256375,2024-10-06,ARICANDUVA,8,TRUE
256989,2024-10-11,ARICANDUVA,8,TRUE
257084,2024-10-12,ELISEU ALMEIDA,25,TRUE
257653,2024-10-16,PRESTES MAIA,41,TRUE
257830,2024-10-18,ESTADO,31,TRUE
258169,2024-10-20,INAJAR SOUZA,13,TRUE
258625,2024-10-24,TEOTONIO VILELA,6,FALSE
258957,2024-10-27,TEOTONIO VILELA,6,FALSE
259479,2024-10-31,TEOTONIO VILELA,6,FALSE
259849,2024-11-03,JACU PESSEGO,33,FALSE
260542,2024-11-09,ARICANDUVA,8,FALSE
261625,2024-11-18,NACOES UNIDAS,37,TRUE
262084,2024-11-22,JACU PESSEGO,33,TRUE
263927,2024-12-06,SANTOS DUMONT,43,TRUE
264151,2024-12-08,AFONSO D ESCRAGNOLE TAUNAY,44,TRUE
264189,2024-12-08,JACU PESSEGO,33,FALSE
265568,2024-12-18,ESTADO,31,FALSE
265900,2024-12-21,CARVALHO PINTO,11,FALSE
266978,2025-01-01,INAJAR SOUZA,13,FALSE
267249,2025-01-05,NACOES UNIDAS,37,TRUE
267685,2025-01-11,INAJAR SOUZA,13,FALSE
268342,2025-01-17,GASTAO VIDIGAL,26,FALSE
268805,2025-01-21,NACOES UNIDAS,37,TRUE
268853,2025-01-22,INAJAR SOUZA,13,TRUE
269852,2025-01-31,RICARDO JAFET,2,FALSE
269894,2025-01-31,TEOTONIO VILELA,6,FALSE
272818,2025-02-26,TEOTONIO VILELA,6,TRUE
273218,2025-03-01,LUIZ IGNACIO ANHAIA MELLO,21,TRUE
273346,2025-03-02,ARICANDUVA,8,TRUE
274603,2025-03-14,NACOES UNIDAS,37,TRUE
274870,2025-03-16,ESTADO,31,FALSE
275688,2025-03-23,TEOTONIO VILELA,6,TRUE
276041,2025-03-26,INAJAR SOUZA,13,FALSE
276426,2025-03-29,INAJAR SOUZA,13,FALSE
